exception_type,record_id,record_type,description,related_ids
MANUAL_REVIEW_REQUIRED,PAY-0303,PAYMENT,Fuzzy candidate requires manual review (confidence: 72.4). Reasons: Text similarity score: 44.9; Exact amount match (0 minor units diff); Exact date match (0 days diff),['INV-0291']
MANUAL_REVIEW_REQUIRED,PAY-0304,PAYMENT,Fuzzy candidate requires manual review (confidence: 70.2). Reasons: Text similarity score: 40.4; Exact amount match (0 minor units diff); Exact date match (0 days diff),['INV-0293']
MANUAL_REVIEW_REQUIRED,PAY-0308,PAYMENT,Fuzzy candidate requires manual review (confidence: 72.9). Reasons: Text similarity score: 45.8; Exact amount match (0 minor units diff); Exact date match (0 days diff),['INV-0301']
MANUAL_REVIEW_REQUIRED,PAY-0203,PAYMENT,Fuzzy candidate requires manual review (confidence: 89.7). Reasons: Text similarity score: 79.3; Exact amount match (0 minor units diff); Exact date match (0 days diff),['INV-0203']
MANUAL_REVIEW_REQUIRED,PAY-0210,PAYMENT,Fuzzy candidate requires manual review (confidence: 88.5). Reasons: Text similarity score: 76.9; Exact amount match (0 minor units diff); Exact date match (0 days diff),['INV-0210']
MANUAL_REVIEW_REQUIRED,PAY-0170,PAYMENT,Fuzzy candidate requires manual review (confidence: 88.1). Reasons: Text similarity score: 76.2; Exact amount match (0 minor units diff); Exact date match (0 days diff),['INV-0170']
MANUAL_REVIEW_REQUIRED,PAY-0123,PAYMENT,Fuzzy candidate requires manual review (confidence: 88.0). Reasons: Text similarity score: 76.1; Exact amount match (0 minor units diff); Exact date match (0 days diff),['INV-0123']
MANUAL_REVIEW_REQUIRED,PAY-0189,PAYMENT,Fuzzy candidate requires manual review (confidence: 87.2). Reasons: Text similarity score: 74.4; Exact amount match (0 minor units diff); Exact date match (0 days diff),['INV-0189']
MANUAL_REVIEW_REQUIRED,PAY-0165,PAYMENT,Fuzzy candidate requires manual review (confidence: 86.6). Reasons: Text similarity score: 73.2; Exact amount match (0 minor units diff); Exact date match (0 days diff),['INV-0165']
MANUAL_REVIEW_REQUIRED,PAY-0113,PAYMENT,Fuzzy candidate requires manual review (confidence: 86.5). Reasons: Text similarity score: 73.0; Exact amount match (0 minor units diff); Exact date match (0 days diff),['INV-0113']
MANUAL_REVIEW_REQUIRED,PAY-0168,PAYMENT,Fuzzy candidate requires manual review (confidence: 86.0). Reasons: Text similarity score: 72.1; Exact amount match (0 minor units diff); Exact date match (0 days diff),['INV-0168']
MANUAL_REVIEW_REQUIRED,PAY-0197,PAYMENT,Fuzzy candidate requires manual review (confidence: 85.7). Reasons: Text similarity score: 71.4; Exact amount match (0 minor units diff); Exact date match (0 days diff),['INV-0197']
MANUAL_REVIEW_REQUIRED,PAY-0178,PAYMENT,Fuzzy candidate requires manual review (confidence: 85.6). Reasons: Text similarity score: 71.2; Exact amount match (0 minor units diff); Exact date match (0 days diff),['INV-0178']
MANUAL_REVIEW_REQUIRED,PAY-0140,PAYMENT,Fuzzy candidate requires manual review (confidence: 85.5). Reasons: Text similarity score: 71.1; Exact amount match (0 minor units diff); Exact date match (0 days diff),['INV-0140']
MANUAL_REVIEW_REQUIRED,PAY-0171,PAYMENT,Fuzzy candidate requires manual review (confidence: 85.0). Reasons: Text similarity score: 70.0; Exact amount match (0 minor units diff); Exact date match (0 days diff),['INV-0171']
MANUAL_REVIEW_REQUIRED,PAY-0176,PAYMENT,Fuzzy candidate requires manual review (confidence: 85.0). Reasons: Text similarity score: 70.0; Exact amount match (0 minor units diff); Exact date match (0 days diff),['INV-0176']
MANUAL_REVIEW_REQUIRED,PAY-0159,PAYMENT,Fuzzy candidate requires manual review (confidence: 83.3). Reasons: Text similarity score: 66.7; Exact amount match (0 minor units diff); Exact date match (0 days diff),['INV-0159']
MANUAL_REVIEW_REQUIRED,PAY-0164,PAYMENT,Fuzzy candidate requires manual review (confidence: 78.3). Reasons: Text similarity score: 56.5; Exact amount match (0 minor units diff); Exact date match (0 days diff),['INV-0164']
MANUAL_REVIEW_REQUIRED,PAY-0107,PAYMENT,Fuzzy candidate requires manual review (confidence: 76.2). Reasons: Text similarity score: 52.4; Exact amount match (0 minor units diff); Exact date match (0 days diff),['INV-0107']
UNRESOLVED_INVOICE_DEPENDENCY,PAY-0107,PAYMENT,Payment PAY-0107 matched bank transaction TXN-0107 but lacks a confirmed invoice match (held pending 3-way invoice resolution).,['TXN-0107']
UNRESOLVED_INVOICE_DEPENDENCY,PAY-0113,PAYMENT,Payment PAY-0113 matched bank transaction TXN-0113 but lacks a confirmed invoice match (held pending 3-way invoice resolution).,['TXN-0113']
UNRESOLVED_INVOICE_DEPENDENCY,PAY-0123,PAYMENT,Payment PAY-0123 matched bank transaction TXN-0123 but lacks a confirmed invoice match (held pending 3-way invoice resolution).,['TXN-0123']
UNRESOLVED_INVOICE_DEPENDENCY,PAY-0140,PAYMENT,Payment PAY-0140 matched bank transaction TXN-0140 but lacks a confirmed invoice match (held pending 3-way invoice resolution).,['TXN-0140']
UNRESOLVED_INVOICE_DEPENDENCY,PAY-0159,PAYMENT,Payment PAY-0159 matched bank transaction TXN-0159 but lacks a confirmed invoice match (held pending 3-way invoice resolution).,['TXN-0159']
UNRESOLVED_INVOICE_DEPENDENCY,PAY-0164,PAYMENT,Payment PAY-0164 matched bank transaction TXN-0164 but lacks a confirmed invoice match (held pending 3-way invoice resolution).,['TXN-0164']
UNRESOLVED_INVOICE_DEPENDENCY,PAY-0165,PAYMENT,Payment PAY-0165 matched bank transaction TXN-0165 but lacks a confirmed invoice match (held pending 3-way invoice resolution).,['TXN-0165']
UNRESOLVED_INVOICE_DEPENDENCY,PAY-0168,PAYMENT,Payment PAY-0168 matched bank transaction TXN-0168 but lacks a confirmed invoice match (held pending 3-way invoice resolution).,['TXN-0168']
UNRESOLVED_INVOICE_DEPENDENCY,PAY-0170,PAYMENT,Payment PAY-0170 matched bank transaction TXN-0170 but lacks a confirmed invoice match (held pending 3-way invoice resolution).,['TXN-0170']
UNRESOLVED_INVOICE_DEPENDENCY,PAY-0171,PAYMENT,Payment PAY-0171 matched bank transaction TXN-0171 but lacks a confirmed invoice match (held pending 3-way invoice resolution).,['TXN-0171']
UNRESOLVED_INVOICE_DEPENDENCY,PAY-0176,PAYMENT,Payment PAY-0176 matched bank transaction TXN-0176 but lacks a confirmed invoice match (held pending 3-way invoice resolution).,['TXN-0176']
UNRESOLVED_INVOICE_DEPENDENCY,PAY-0178,PAYMENT,Payment PAY-0178 matched bank transaction TXN-0178 but lacks a confirmed invoice match (held pending 3-way invoice resolution).,['TXN-0178']
UNRESOLVED_INVOICE_DEPENDENCY,PAY-0189,PAYMENT,Payment PAY-0189 matched bank transaction TXN-0189 but lacks a confirmed invoice match (held pending 3-way invoice resolution).,['TXN-0189']
UNRESOLVED_INVOICE_DEPENDENCY,PAY-0197,PAYMENT,Payment PAY-0197 matched bank transaction TXN-0197 but lacks a confirmed invoice match (held pending 3-way invoice resolution).,['TXN-0197']
UNRESOLVED_INVOICE_DEPENDENCY,PAY-0203,PAYMENT,Payment PAY-0203 matched bank transaction TXN-0203 but lacks a confirmed invoice match (held pending 3-way invoice resolution).,['TXN-0203']
UNRESOLVED_INVOICE_DEPENDENCY,PAY-0210,PAYMENT,Payment PAY-0210 matched bank transaction TXN-0210 but lacks a confirmed invoice match (held pending 3-way invoice resolution).,['TXN-0210']
UNRESOLVED_INVOICE_DEPENDENCY,PAY-0311,PAYMENT,Payment PAY-0311 matched bank transaction TXN-0311 but lacks a confirmed invoice match (held pending 3-way invoice resolution).,['TXN-0311']
UNRESOLVED_INVOICE_DEPENDENCY,PAY-0312,PAYMENT,Payment PAY-0312 matched bank transaction TXN-0312 but lacks a confirmed invoice match (held pending 3-way invoice resolution).,['TXN-0312']
NO_MATCH_FOUND,PAY-0310,PAYMENT,Payment PAY-0310 could not be matched by deterministic or fuzzy engine.,[]
NO_MATCH_FOUND,TXN-0310,BANK_TRANSACTION,Bank transaction TXN-0310 could not be matched by deterministic or fuzzy engine.,[]
NO_MATCH_FOUND,INV-0287,INVOICE,Invoice INV-0287 could not be matched by deterministic or fuzzy engine.,[]
NO_MATCH_FOUND,INV-0289,INVOICE,Invoice INV-0289 could not be matched by deterministic or fuzzy engine.,[]
NO_MATCH_FOUND,INV-0295,INVOICE,Invoice INV-0295 could not be matched by deterministic or fuzzy engine.,[]
NO_MATCH_FOUND,INV-0297,INVOICE,Invoice INV-0297 could not be matched by deterministic or fuzzy engine.,[]
NO_MATCH_FOUND,INV-0299,INVOICE,Invoice INV-0299 could not be matched by deterministic or fuzzy engine.,[]
NO_MATCH_FOUND,INV-0303,INVOICE,Invoice INV-0303 could not be matched by deterministic or fuzzy engine.,[]
NO_MATCH_FOUND,INV-0304,INVOICE,Invoice INV-0304 could not be matched by deterministic or fuzzy engine.,[]
NO_MATCH_FOUND,INV-0305,INVOICE,Invoice INV-0305 could not be matched by deterministic or fuzzy engine.,[]
NO_MATCH_FOUND,INV-0306,INVOICE,Invoice INV-0306 could not be matched by deterministic or fuzzy engine.,[]
NO_MATCH_FOUND,INV-0307,INVOICE,Invoice INV-0307 could not be matched by deterministic or fuzzy engine.,[]
